{
  "project_info": {
    "project_number": "948669849242",
    "project_id": "codeword-be45e",
    "storage_bucket": "codeword-be45e.firebasestorage.app"
  },
  "client": [
    {
      "client_info": {
        "mobilesdk_app_id": "1:948669849242:android:b30acab916e310d6700923",
        "android_client_info": {
          "package_name": "com.example.codeword"
        }
      },
      "oauth_client": [],
      "api_key": [
        {
          "current_key": "AIzaSyDPTDSgTkv86BE6YBGariEpUQR0_BGz6Yo"
        }
      ],
      "services": {
        "appinvite_service": {
          "other_platform_oauth_client": []
        }
      }
    }
  ],
  "configuration_version": "1"
}