{"flutter":{"platforms":{"android":{"default":{"projectId":"open-codeword","appId":"1:202045607116:android:b332c1ae9baa7935ad8669","fileOutput":"android/app/google-services.json"}},"ios":{"default":{"projectId":"open-codeword","appId":"1:202045607116:ios:d6205690b65adca6ad8669","uploadDebugSymbols":false,"fileOutput":"ios/Runner/GoogleService-Info.plist"}},"macos":{"default":{"projectId":"open-codeword","appId":"1:202045607116:ios:d6205690b65adca6ad8669","uploadDebugSymbols":false,"fileOutput":"macos/Runner/GoogleService-Info.plist"}},"dart":{"lib/firebase_options.dart":{"projectId":"open-codeword","configurations":{"android":"1:202045607116:android:b332c1ae9baa7935ad8669","ios":"1:202045607116:ios:d6205690b65adca6ad8669","macos":"1:202045607116:ios:d6205690b65adca6ad8669","web":"1:202045607116:web:6faef51a06c34912ad8669"}}}}}}